Timestamp,Location,Object_Type,Traffic_Density,Peak_Time,Hour,Day,Month
2024-10-21 21:00:00,1,5,17,15,21,21,10
2024-10-11 05:00:00,4,2,21,15,5,11,10
2024-10-29 13:00:00,4,5,88,6,13,29,10
2024-10-24 08:00:00,2,3,65,8,8,24,10
2024-10-23 17:00:00,0,5,9,6,17,23,10
2024-10-06 22:00:00,4,4,13,3,22,6,10
2024-10-21 02:00:00,0,1,83,14,2,21,10
2024-10-09 12:00:00,1,1,90,20,12,9,10
2024-10-05 10:00:00,0,1,93,11,10,5,10
2024-10-04 04:00:00,1,1,31,19,4,4,10
2024-10-12 22:00:00,2,5,79,7,22,12,10
2024-10-16 06:00:00,2,0,89,16,6,16,10
2024-10-14 02:00:00,1,4,83,5,2,14,10
2024-10-07 13:00:00,1,3,17,3,13,7,10
2024-10-25 18:00:00,3,5,25,1,18,25,10
2024-10-14 14:00:00,1,3,75,7,14,14,10
2024-10-14 04:00:00,5,1,30,16,4,14,10
2024-10-15 23:00:00,5,4,97,8,23,15,10
2024-10-17 08:00:00,0,2,29,3,8,17,10
2024-10-25 11:00:00,2,3,76,9,11,25,10
2024-10-02 15:00:00,4,4,13,9,15,2,10
2024-10-12 19:00:00,4,2,90,12,19,12,10
2024-10-17 01:00:00,0,0,29,11,1,17,10
2024-10-23 02:00:00,0,3,45,7,2,23,10
2024-10-11 19:00:00,4,3,51,6,19,11,10
2024-10-09 08:00:00,5,0,47,15,8,9,10
2024-10-22 07:00:00,0,4,79,23,7,22,10
2024-10-24 07:00:00,1,0,39,10,7,24,10
2024-10-09 00:00:00,1,3,21,14,0,9,10
2024-10-21 09:00:00,2,0,10,5,9,21,10
2024-10-06 11:00:00,1,2,8,6,11,6,10
2024-10-08 06:00:00,1,5,21,23,6,8,10
2024-10-29 19:00:00,5,2,82,8,19,29,10
2024-10-15 00:00:00,1,0,46,13,0,15,10
2024-10-21 00:00:00,2,3,83,9,0,21,10
2024-10-12 22:00:00,2,3,31,1,22,12,10
2024-10-29 09:00:00,2,0,54,17,9,29,10
2024-10-05 20:00:00,0,2,40,21,20,5,10
2024-10-30 08:00:00,3,1,5,13,8,30,10
2024-10-29 11:00:00,4,5,84,22,11,29,10
2024-10-18 02:00:00,1,5,88,5,2,18,10
2024-10-07 22:00:00,0,0,37,21,22,7,10
2024-10-26 01:00:00,1,1,54,14,1,26,10
2024-10-04 05:00:00,4,1,63,6,5,4,10
2024-10-30 18:00:00,5,0,68,17,18,30,10
2024-10-06 17:00:00,5,1,84,18,17,6,10
2024-10-25 10:00:00,2,5,3,11,10,25,10
2024-10-12 16:00:00,1,1,99,5,16,12,10
2024-10-24 08:00:00,4,5,51,3,8,24,10
2024-10-25 08:00:00,0,5,25,19,8,25,10
2024-10-08 11:00:00,0,1,16,7,11,8,10
2024-10-13 23:00:00,4,3,41,4,23,13,10
2024-10-27 13:00:00,2,3,20,10,13,27,10
2024-10-25 08:00:00,0,5,48,0,8,25,10
2024-10-07 07:00:00,0,4,86,23,7,7,10
2024-10-20 07:00:00,4,3,21,11,7,20,10
2024-10-11 12:00:00,2,0,10,0,12,11,10
2024-10-03 17:00:00,0,0,85,9,17,3,10
2024-10-13 16:00:00,3,0,100,17,16,13,10
2024-10-23 04:00:00,3,3,85,4,4,23,10
2024-10-14 11:00:00,4,1,52,5,11,14,10
2024-10-01 16:00:00,5,1,72,12,16,1,10
2024-10-14 17:00:00,3,5,30,12,17,14,10
2024-10-02 15:00:00,5,2,17,23,15,2,10
2024-10-05 11:00:00,4,4,62,9,11,5,10
2024-10-10 16:00:00,5,1,42,8,16,10,10
2024-10-14 06:00:00,5,1,39,6,6,14,10
2024-10-15 18:00:00,1,2,86,3,18,15,10
2024-10-13 19:00:00,2,0,45,18,19,13,10
2024-10-14 13:00:00,0,5,43,12,13,14,10
2024-10-18 18:00:00,5,0,55,14,18,18,10
2024-10-15 06:00:00,0,2,7,0,6,15,10
2024-10-10 07:00:00,5,1,17,13,7,10,10
2024-10-27 16:00:00,5,3,88,16,16,27,10
2024-10-05 14:00:00,5,0,44,9,14,5,10
2024-10-25 10:00:00,4,4,9,8,10,25,10
2024-10-19 12:00:00,5,1,40,3,12,19,10
2024-10-03 01:00:00,3,5,47,20,1,3,10
2024-10-11 10:00:00,5,5,100,1,10,11,10
2024-10-12 06:00:00,4,2,2,10,6,12,10
2024-10-11 03:00:00,4,2,38,20,3,11,10
2024-10-19 03:00:00,3,4,68,15,3,19,10
2024-10-08 23:00:00,5,0,7,5,23,8,10
2024-10-20 07:00:00,2,4,28,23,7,20,10
2024-10-18 16:00:00,2,4,12,11,16,18,10
2024-10-24 03:00:00,0,4,80,2,3,24,10
2024-10-03 21:00:00,4,0,5,1,21,3,10
2024-10-06 07:00:00,5,5,22,5,7,6,10
2024-10-02 23:00:00,2,3,47,21,23,2,10
2024-10-03 09:00:00,0,4,5,5,9,3,10
2024-10-26 05:00:00,4,0,7,6,5,26,10
2024-10-06 13:00:00,2,1,47,21,13,6,10
2024-10-19 22:00:00,1,0,100,8,22,19,10
2024-10-20 16:00:00,4,5,31,11,16,20,10
2024-10-15 12:00:00,3,5,97,18,12,15,10
2024-10-05 03:00:00,5,3,41,2,3,5,10
2024-10-03 19:00:00,1,3,10,6,19,3,10
2024-10-21 23:00:00,4,2,49,6,23,21,10
2024-10-10 07:00:00,4,3,54,16,7,10,10
2024-10-11 03:00:00,4,4,2,20,3,11,10
2024-10-28 01:00:00,0,1,34,6,1,28,10
2024-10-27 22:00:00,4,2,64,17,22,27,10
2024-10-28 19:00:00,0,2,70,17,19,28,10
2024-10-03 13:00:00,4,2,35,4,13,3,10
2024-10-02 12:00:00,1,5,99,20,12,2,10
2024-10-20 03:00:00,3,0,56,3,3,20,10
2024-10-23 13:00:00,0,3,63,2,13,23,10
2024-10-03 16:00:00,2,1,95,14,16,3,10
2024-10-14 18:00:00,0,3,90,7,18,14,10
2024-10-23 17:00:00,1,5,55,22,17,23,10
2024-10-25 02:00:00,1,0,8,2,2,25,10
2024-10-29 07:00:00,2,1,91,5,7,29,10
2024-10-19 04:00:00,2,0,20,9,4,19,10
2024-10-01 13:00:00,3,2,97,9,13,1,10
2024-10-07 10:00:00,4,2,55,7,10,7,10
2024-10-28 13:00:00,2,2,28,23,13,28,10
2024-10-05 07:00:00,1,5,93,23,7,5,10
2024-10-30 10:00:00,5,0,22,23,10,30,10
2024-10-09 15:00:00,2,0,46,0,15,9,10
2024-10-31 00:00:00,1,5,33,22,0,31,10
2024-10-26 16:00:00,0,4,35,23,16,26,10
2024-10-24 12:00:00,1,1,20,4,12,24,10
2024-10-11 23:00:00,3,3,70,15,23,11,10
2024-10-08 06:00:00,3,5,49,5,6,8,10
2024-10-06 19:00:00,2,2,24,6,19,6,10
2024-10-02 15:00:00,0,3,98,21,15,2,10
2024-10-06 21:00:00,3,4,60,0,21,6,10
2024-10-19 02:00:00,4,0,87,23,2,19,10
2024-10-18 02:00:00,2,0,21,8,2,18,10
2024-10-22 13:00:00,1,4,22,9,13,22,10
2024-10-21 00:00:00,5,4,29,13,0,21,10
2024-10-06 16:00:00,4,5,72,6,16,6,10
2024-10-02 19:00:00,1,3,79,13,19,2,10
2024-10-19 16:00:00,4,3,84,7,16,19,10
2024-10-01 04:00:00,4,2,66,21,4,1,10
2024-10-16 01:00:00,4,3,25,10,1,16,10
2024-10-02 02:00:00,4,1,95,12,2,2,10
2024-10-29 17:00:00,3,0,41,13,17,29,10
2024-10-16 15:00:00,5,0,100,19,15,16,10
2024-10-14 22:00:00,4,5,67,21,22,14,10
2024-10-11 23:00:00,3,3,67,23,23,11,10
2024-10-22 12:00:00,1,2,38,14,12,22,10
2024-10-10 00:00:00,5,0,100,22,0,10,10
2024-10-23 19:00:00,5,0,93,4,19,23,10
2024-10-07 04:00:00,5,4,1,1,4,7,10
2024-10-19 06:00:00,2,0,35,11,6,19,10
2024-10-07 19:00:00,2,2,4,13,19,7,10
2024-10-11 09:00:00,1,3,94,6,9,11,10
2024-10-04 07:00:00,0,2,21,22,7,4,10
2024-10-11 05:00:00,4,4,58,9,5,11,10
2024-10-24 18:00:00,4,2,98,21,18,24,10
2024-10-13 22:00:00,1,3,83,13,22,13,10
2024-10-27 19:00:00,5,5,34,6,19,27,10
2024-10-15 16:00:00,1,0,41,4,16,15,10
2024-10-25 11:00:00,4,4,13,20,11,25,10
2024-10-20 22:00:00,4,1,29,16,22,20,10
2024-10-05 02:00:00,4,5,100,11,2,5,10
2024-10-14 01:00:00,1,3,9,1,1,14,10
2024-10-27 18:00:00,5,2,76,2,18,27,10
2024-10-25 23:00:00,1,0,25,15,23,25,10
2024-10-09 13:00:00,3,3,37,9,13,9,10
2024-10-27 12:00:00,4,0,58,8,12,27,10
2024-10-06 14:00:00,0,4,56,17,14,6,10
2024-10-21 16:00:00,4,5,22,4,16,21,10
2024-10-03 07:00:00,2,3,84,8,7,3,10
2024-10-29 10:00:00,2,1,20,8,10,29,10
2024-10-01 12:00:00,5,1,63,14,12,1,10
2024-10-19 20:00:00,3,2,43,3,20,19,10
2024-10-03 19:00:00,5,2,26,22,19,3,10
2024-10-26 02:00:00,0,0,56,22,2,26,10
2024-10-14 00:00:00,1,1,100,20,0,14,10
2024-10-03 11:00:00,4,4,82,14,11,3,10
2024-10-30 18:00:00,5,1,57,7,18,30,10
2024-10-08 20:00:00,3,0,54,10,20,8,10
2024-10-05 14:00:00,3,0,42,1,14,5,10
2024-10-16 03:00:00,1,4,42,5,3,16,10
2024-10-02 05:00:00,0,2,92,0,5,2,10
2024-10-01 04:00:00,1,4,57,18,4,1,10
2024-10-11 21:00:00,2,0,6,8,21,11,10
2024-10-17 19:00:00,3,5,20,5,19,17,10
2024-10-14 07:00:00,1,1,10,9,7,14,10
2024-10-06 21:00:00,4,2,1,7,21,6,10
2024-10-29 01:00:00,5,1,7,5,1,29,10
2024-10-19 22:00:00,0,3,63,18,22,19,10
2024-10-02 08:00:00,2,2,30,1,8,2,10
2024-10-27 16:00:00,5,3,55,20,16,27,10
2024-10-07 05:00:00,5,2,53,11,5,7,10
2024-10-05 20:00:00,3,4,98,23,20,5,10
2024-10-22 07:00:00,2,3,53,12,7,22,10
2024-10-18 16:00:00,4,3,44,5,16,18,10
2024-10-02 15:00:00,4,4,38,16,15,2,10
2024-10-30 02:00:00,2,3,85,2,2,30,10
2024-10-27 06:00:00,2,1,83,22,6,27,10
2024-10-19 19:00:00,5,4,19,18,19,19,10
2024-10-19 00:00:00,0,2,94,14,0,19,10
2024-10-22 16:00:00,1,2,93,17,16,22,10
2024-10-07 00:00:00,3,0,38,14,0,7,10
2024-10-11 22:00:00,5,1,38,4,22,11,10
2024-10-01 11:00:00,0,5,20,15,11,1,10
2024-10-16 20:00:00,5,1,26,12,20,16,10
2024-10-05 16:00:00,1,1,90,17,16,5,10
2024-10-14 06:00:00,2,2,32,22,6,14,10
2024-10-01 18:00:00,0,1,47,9,18,1,10
2024-10-04 10:00:00,2,2,83,2,10,4,10
2024-10-28 09:00:00,5,0,30,5,9,28,10
2024-10-14 13:00:00,0,1,58,15,13,14,10
2024-10-26 22:00:00,4,2,50,20,22,26,10
2024-10-16 17:00:00,0,5,17,18,17,16,10
2024-10-19 16:00:00,4,3,93,12,16,19,10
2024-10-13 03:00:00,3,4,26,22,3,13,10
2024-10-29 02:00:00,1,5,98,3,2,29,10
2024-10-14 04:00:00,4,0,1,0,4,14,10
2024-10-30 13:00:00,4,4,54,18,13,30,10
2024-10-08 17:00:00,1,5,96,0,17,8,10
2024-10-10 02:00:00,1,4,64,10,2,10,10
2024-10-13 02:00:00,3,4,20,6,2,13,10
2024-10-26 11:00:00,0,0,47,3,11,26,10
2024-10-11 09:00:00,1,0,48,6,9,11,10
2024-10-28 22:00:00,4,5,52,16,22,28,10
2024-10-03 06:00:00,0,1,51,14,6,3,10
2024-10-06 13:00:00,3,4,22,21,13,6,10
2024-10-18 04:00:00,4,2,67,8,4,18,10
2024-10-14 02:00:00,0,3,44,11,2,14,10
2024-10-21 05:00:00,3,0,33,1,5,21,10
2024-10-23 17:00:00,5,5,83,11,17,23,10
2024-10-19 02:00:00,3,4,27,18,2,19,10
2024-10-19 11:00:00,4,5,73,22,11,19,10
2024-10-17 10:00:00,1,1,18,16,10,17,10
2024-10-15 14:00:00,4,2,20,21,14,15,10
2024-10-16 03:00:00,3,3,29,4,3,16,10
2024-10-11 06:00:00,2,0,25,5,6,11,10
2024-10-27 14:00:00,3,3,39,9,14,27,10
2024-10-14 19:00:00,5,3,61,22,19,14,10
2024-10-30 01:00:00,1,1,84,16,1,30,10
2024-10-10 09:00:00,4,1,58,13,9,10,10
2024-10-06 22:00:00,5,1,77,20,22,6,10
2024-10-08 11:00:00,0,4,96,14,11,8,10
2024-10-09 12:00:00,1,1,60,5,12,9,10
2024-10-01 06:00:00,0,2,36,12,6,1,10
2024-10-06 04:00:00,0,3,93,13,4,6,10
2024-10-21 21:00:00,0,0,67,14,21,21,10
2024-10-27 18:00:00,2,1,20,23,18,27,10
2024-10-06 15:00:00,5,5,33,6,15,6,10
2024-10-25 20:00:00,0,0,95,6,20,25,10
2024-10-16 02:00:00,1,5,63,10,2,16,10
2024-10-05 06:00:00,1,0,82,13,6,5,10
2024-10-28 11:00:00,0,0,17,13,11,28,10
2024-10-03 23:00:00,3,3,97,6,23,3,10
2024-10-07 01:00:00,0,5,14,8,1,7,10
2024-10-28 16:00:00,4,5,61,17,16,28,10
2024-10-30 16:00:00,0,4,51,0,16,30,10
2024-10-29 04:00:00,5,5,19,1,4,29,10
2024-10-18 06:00:00,5,4,52,22,6,18,10
2024-10-11 06:00:00,5,0,7,2,6,11,10
2024-10-30 16:00:00,5,2,43,22,16,30,10
2024-10-16 22:00:00,4,4,28,13,22,16,10
2024-10-25 17:00:00,3,5,27,18,17,25,10
2024-10-15 11:00:00,4,3,57,20,11,15,10
2024-10-29 03:00:00,4,0,78,13,3,29,10
2024-10-10 04:00:00,2,3,64,10,4,10,10
2024-10-14 14:00:00,5,4,35,22,14,14,10
2024-10-10 17:00:00,4,5,30,9,17,10,10
2024-10-19 10:00:00,3,0,19,7,10,19,10
2024-10-10 18:00:00,4,2,15,8,18,10,10
2024-10-03 21:00:00,5,0,65,6,21,3,10
2024-10-03 20:00:00,3,1,25,22,20,3,10
2024-10-25 04:00:00,5,4,44,21,4,25,10
2024-10-13 15:00:00,5,2,43,12,15,13,10
2024-10-14 12:00:00,1,4,52,13,12,14,10
2024-10-25 23:00:00,5,3,38,12,23,25,10
2024-10-24 08:00:00,2,1,3,1,8,24,10
2024-10-23 08:00:00,3,1,46,2,8,23,10
2024-10-25 11:00:00,4,0,59,10,11,25,10
2024-10-12 19:00:00,3,3,60,22,19,12,10
2024-10-27 22:00:00,3,2,15,2,22,27,10
2024-10-25 18:00:00,0,1,17,12,18,25,10
2024-10-30 03:00:00,5,4,49,11,3,30,10
2024-10-29 01:00:00,2,5,14,7,1,29,10
2024-10-15 06:00:00,3,1,3,7,6,15,10
2024-10-16 18:00:00,4,5,97,18,18,16,10
2024-10-04 21:00:00,0,0,25,3,21,4,10
2024-10-02 03:00:00,5,1,18,5,3,2,10
2024-10-17 21:00:00,4,1,29,16,21,17,10
2024-10-12 08:00:00,4,3,49,14,8,12,10
2024-10-23 07:00:00,2,4,68,23,7,23,10
2024-10-30 15:00:00,5,0,98,16,15,30,10
2024-10-26 08:00:00,4,1,43,5,8,26,10
2024-10-01 02:00:00,2,5,66,8,2,1,10
2024-10-05 18:00:00,2,4,67,16,18,5,10
2024-10-22 11:00:00,0,4,35,11,11,22,10
2024-10-14 09:00:00,5,4,33,0,9,14,10
2024-10-07 01:00:00,3,0,69,19,1,7,10
2024-10-13 14:00:00,3,3,12,8,14,13,10
2024-10-23 18:00:00,4,1,95,10,18,23,10
2024-10-27 00:00:00,0,4,37,2,0,27,10
2024-10-30 12:00:00,2,3,49,7,12,30,10
2024-10-15 16:00:00,0,2,19,6,16,15,10
2024-10-17 05:00:00,4,5,10,1,5,17,10
2024-10-14 23:00:00,0,2,4,6,23,14,10
2024-10-03 18:00:00,1,3,91,10,18,3,10
2024-10-27 19:00:00,1,1,20,16,19,27,10
2024-10-30 02:00:00,3,0,84,16,2,30,10
2024-10-19 17:00:00,0,0,2,11,17,19,10
2024-10-18 06:00:00,3,4,37,5,6,18,10
2024-10-16 09:00:00,1,0,6,23,9,16,10
2024-10-29 16:00:00,5,5,8,3,16,29,10
2024-10-09 02:00:00,5,2,91,14,2,9,10
2024-10-27 15:00:00,4,0,19,10,15,27,10
2024-10-24 09:00:00,0,2,91,16,9,24,10
2024-10-07 15:00:00,4,2,79,17,15,7,10
2024-10-29 11:00:00,4,5,16,13,11,29,10
2024-10-23 05:00:00,5,2,84,10,5,23,10
2024-10-26 12:00:00,5,1,89,5,12,26,10
2024-10-03 22:00:00,2,0,11,16,22,3,10
2024-10-07 20:00:00,1,1,31,9,20,7,10
2024-10-25 08:00:00,1,3,64,17,8,25,10
2024-10-25 10:00:00,1,5,15,16,10,25,10
2024-10-10 10:00:00,1,1,33,17,10,10,10
2024-10-29 07:00:00,2,1,91,1,7,29,10
2024-10-09 08:00:00,4,1,58,4,8,9,10
2024-10-30 23:00:00,4,3,61,0,23,30,10
2024-10-23 13:00:00,4,0,21,8,13,23,10
2024-10-16 17:00:00,0,5,37,16,17,16,10
2024-10-20 22:00:00,4,1,24,17,22,20,10
2024-10-09 05:00:00,4,3,4,1,5,9,10
2024-10-21 06:00:00,3,0,98,11,6,21,10
2024-10-14 09:00:00,0,4,34,2,9,14,10
2024-10-08 03:00:00,0,2,98,8,3,8,10
2024-10-01 01:00:00,4,0,2,3,1,1,10
2024-10-15 06:00:00,3,5,89,21,6,15,10
2024-10-01 16:00:00,5,2,85,5,16,1,10
2024-10-10 07:00:00,5,2,83,2,7,10,10
2024-10-28 17:00:00,2,0,63,0,17,28,10
2024-10-16 20:00:00,1,4,57,8,20,16,10
2024-10-09 23:00:00,1,4,35,16,23,9,10
2024-10-14 19:00:00,4,1,64,8,19,14,10
2024-10-05 07:00:00,0,4,84,18,7,5,10
2024-10-11 18:00:00,4,0,86,0,18,11,10
2024-10-25 05:00:00,2,0,66,4,5,25,10
2024-10-14 01:00:00,5,0,73,9,1,14,10
2024-10-20 18:00:00,0,1,21,17,18,20,10
2024-10-26 04:00:00,1,1,15,13,4,26,10
2024-10-02 19:00:00,4,1,99,6,19,2,10
2024-10-24 23:00:00,3,0,20,13,23,24,10
2024-10-06 22:00:00,4,0,44,8,22,6,10
2024-10-08 15:00:00,1,5,75,3,15,8,10
2024-10-17 10:00:00,1,4,54,5,10,17,10
2024-10-23 10:00:00,4,4,49,9,10,23,10
2024-10-04 08:00:00,2,4,48,4,8,4,10
2024-10-07 15:00:00,0,1,1,23,15,7,10
2024-10-11 21:00:00,0,2,62,23,21,11,10
2024-10-19 08:00:00,5,0,98,18,8,19,10
2024-10-23 21:00:00,4,0,58,6,21,23,10
2024-10-06 11:00:00,4,3,47,23,11,6,10
2024-10-18 17:00:00,5,5,17,0,17,18,10
2024-10-04 14:00:00,2,0,65,21,14,4,10
2024-10-15 11:00:00,1,1,70,13,11,15,10
2024-10-09 14:00:00,3,5,62,4,14,9,10
2024-10-27 12:00:00,2,4,28,6,12,27,10
2024-10-05 16:00:00,1,0,29,18,16,5,10
2024-10-04 08:00:00,2,5,85,19,8,4,10
2024-10-30 05:00:00,3,5,63,15,5,30,10
2024-10-06 00:00:00,5,4,95,21,0,6,10
2024-10-12 13:00:00,3,2,35,2,13,12,10
2024-10-26 02:00:00,2,3,27,0,2,26,10
2024-10-25 07:00:00,1,5,22,20,7,25,10
2024-10-22 01:00:00,3,1,23,20,1,22,10
2024-10-13 12:00:00,3,4,72,6,12,13,10
2024-10-24 10:00:00,2,1,12,3,10,24,10
2024-10-25 04:00:00,3,3,53,18,4,25,10
2024-10-23 21:00:00,3,3,15,17,21,23,10
2024-10-09 02:00:00,0,0,15,14,2,9,10
2024-10-20 09:00:00,3,1,16,8,9,20,10
2024-10-31 00:00:00,2,2,58,1,0,31,10
2024-10-22 22:00:00,4,1,26,8,22,22,10
2024-10-14 09:00:00,5,5,21,9,9,14,10
2024-10-19 07:00:00,4,3,96,4,7,19,10
2024-10-18 01:00:00,3,2,77,4,1,18,10
2024-10-04 10:00:00,1,1,31,1,10,4,10
2024-10-12 22:00:00,3,0,51,23,22,12,10
2024-10-06 07:00:00,2,1,12,3,7,6,10
2024-10-19 12:00:00,5,0,19,12,12,19,10
2024-10-07 11:00:00,2,3,29,23,11,7,10
2024-10-06 18:00:00,2,1,5,1,18,6,10
2024-10-12 09:00:00,2,4,87,16,9,12,10
2024-10-15 07:00:00,1,3,44,20,7,15,10
2024-10-13 03:00:00,2,1,38,9,3,13,10
2024-10-08 06:00:00,3,1,32,2,6,8,10
2024-10-29 03:00:00,4,4,1,3,3,29,10
2024-10-07 00:00:00,1,5,10,13,0,7,10
2024-10-11 20:00:00,0,1,56,3,20,11,10
2024-10-22 01:00:00,3,1,43,22,1,22,10
2024-10-05 21:00:00,0,0,100,13,21,5,10
2024-10-22 23:00:00,4,2,30,21,23,22,10
2024-10-16 06:00:00,0,0,60,18,6,16,10
2024-10-04 12:00:00,3,1,97,9,12,4,10
2024-10-08 02:00:00,0,4,2,18,2,8,10
2024-10-23 11:00:00,5,3,40,16,11,23,10
2024-10-18 23:00:00,5,1,74,23,23,18,10
2024-10-30 13:00:00,3,2,75,1,13,30,10
2024-10-18 02:00:00,1,0,94,9,2,18,10
2024-10-25 10:00:00,0,4,34,12,10,25,10
2024-10-15 05:00:00,5,5,42,10,5,15,10
2024-10-28 17:00:00,1,5,48,2,17,28,10
2024-10-02 14:00:00,3,0,36,3,14,2,10
2024-10-06 11:00:00,1,1,57,18,11,6,10
2024-10-05 03:00:00,3,4,64,16,3,5,10
2024-10-16 00:00:00,4,2,34,19,0,16,10
2024-10-11 05:00:00,3,3,70,1,5,11,10
2024-10-18 14:00:00,4,3,30,18,14,18,10
2024-10-05 03:00:00,2,3,48,12,3,5,10
2024-10-03 02:00:00,2,1,43,17,2,3,10
2024-10-17 06:00:00,2,3,34,21,6,17,10
2024-10-11 10:00:00,3,4,19,4,10,11,10
2024-10-12 06:00:00,1,4,9,13,6,12,10
2024-10-05 10:00:00,2,3,15,11,10,5,10
2024-10-08 20:00:00,2,2,59,21,20,8,10
2024-10-06 10:00:00,2,0,13,14,10,6,10
2024-10-10 03:00:00,1,2,91,10,3,10,10
2024-10-03 01:00:00,2,5,90,21,1,3,10
2024-10-01 04:00:00,5,0,80,9,4,1,10
2024-10-05 15:00:00,0,1,5,13,15,5,10
2024-10-01 01:00:00,0,2,53,2,1,1,10
2024-10-16 22:00:00,3,4,88,16,22,16,10
2024-10-04 11:00:00,0,2,2,22,11,4,10
2024-10-07 14:00:00,1,1,45,18,14,7,10
2024-10-25 18:00:00,1,5,26,2,18,25,10
2024-10-10 17:00:00,2,0,52,23,17,10,10
2024-10-11 19:00:00,4,0,57,9,19,11,10
2024-10-06 00:00:00,0,5,51,9,0,6,10
2024-10-26 21:00:00,0,0,48,19,21,26,10
2024-10-04 22:00:00,2,2,51,12,22,4,10
2024-10-13 12:00:00,1,4,85,21,12,13,10
2024-10-01 10:00:00,5,5,50,2,10,1,10
2024-10-05 04:00:00,0,5,75,7,4,5,10
2024-10-15 07:00:00,3,5,60,4,7,15,10
2024-10-05 06:00:00,0,2,87,23,6,5,10
2024-10-23 05:00:00,0,4,61,5,5,23,10
2024-10-01 19:00:00,0,4,22,8,19,1,10
2024-10-02 04:00:00,0,4,57,2,4,2,10
2024-10-28 03:00:00,2,3,76,19,3,28,10
2024-10-23 01:00:00,0,0,42,15,1,23,10
2024-10-14 04:00:00,4,2,79,5,4,14,10
2024-10-07 09:00:00,5,2,24,1,9,7,10
2024-10-19 04:00:00,2,1,60,15,4,19,10
2024-10-07 06:00:00,2,2,48,12,6,7,10
2024-10-12 02:00:00,0,5,57,21,2,12,10
2024-10-20 13:00:00,5,4,1,4,13,20,10
2024-10-29 21:00:00,0,5,100,12,21,29,10
2024-10-21 01:00:00,2,1,94,8,1,21,10
2024-10-25 00:00:00,4,4,63,19,0,25,10
2024-10-24 23:00:00,5,1,3,8,23,24,10
2024-10-08 07:00:00,2,0,3,12,7,8,10
2024-10-26 06:00:00,5,5,22,16,6,26,10
2024-10-17 16:00:00,5,1,38,18,16,17,10
2024-10-30 07:00:00,4,4,32,1,7,30,10
2024-10-28 23:00:00,2,1,8,0,23,28,10
2024-10-05 00:00:00,1,5,23,14,0,5,10
2024-10-24 00:00:00,2,2,71,13,0,24,10
2024-10-23 18:00:00,4,2,41,15,18,23,10
2024-10-23 01:00:00,5,0,24,11,1,23,10
2024-10-15 21:00:00,4,3,22,2,21,15,10
2024-10-11 15:00:00,1,4,66,10,15,11,10
2024-10-28 20:00:00,3,2,97,18,20,28,10
2024-10-27 00:00:00,2,3,9,13,0,27,10
2024-10-03 13:00:00,2,0,32,8,13,3,10
2024-10-28 06:00:00,3,0,87,6,6,28,10
2024-10-30 21:00:00,1,0,67,1,21,30,10
2024-10-30 11:00:00,0,4,45,19,11,30,10
2024-10-09 04:00:00,3,1,41,8,4,9,10
2024-10-16 01:00:00,4,0,82,8,1,16,10
2024-10-15 21:00:00,4,3,7,0,21,15,10
2024-10-20 21:00:00,1,4,77,22,21,20,10
2024-10-29 07:00:00,2,3,94,21,7,29,10
2024-10-07 09:00:00,3,0,69,10,9,7,10
2024-10-02 09:00:00,4,0,64,15,9,2,10
2024-10-28 22:00:00,3,3,50,17,22,28,10
2024-10-20 21:00:00,0,2,16,20,21,20,10
2024-10-19 04:00:00,3,3,51,19,4,19,10
2024-10-01 11:00:00,2,2,34,6,11,1,10
2024-10-11 22:00:00,0,1,57,12,22,11,10
2024-10-09 16:00:00,1,2,18,0,16,9,10
2024-10-02 13:00:00,5,2,60,23,13,2,10
2024-10-10 13:00:00,2,0,59,15,13,10,10
2024-10-21 00:00:00,5,0,89,2,0,21,10
2024-10-17 00:00:00,2,0,39,13,0,17,10
2024-10-21 19:00:00,3,1,96,18,19,21,10
2024-10-28 14:00:00,1,0,5,20,14,28,10
2024-10-23 20:00:00,5,0,53,11,20,23,10
2024-10-21 03:00:00,5,2,39,1,3,21,10
2024-10-09 08:00:00,1,5,27,21,8,9,10
2024-10-06 12:00:00,3,5,87,3,12,6,10
2024-10-19 17:00:00,4,4,42,17,17,19,10
2024-10-23 07:00:00,3,0,11,15,7,23,10
2024-10-27 22:00:00,1,0,45,3,22,27,10
2024-10-17 08:00:00,1,0,51,17,8,17,10
2024-10-02 04:00:00,0,0,86,21,4,2,10
2024-10-08 11:00:00,4,3,19,6,11,8,10
2024-10-23 10:00:00,3,0,99,1,10,23,10
2024-10-04 04:00:00,2,1,58,21,4,4,10
2024-10-11 08:00:00,0,0,89,23,8,11,10
2024-10-07 11:00:00,4,1,1,6,11,7,10
2024-10-05 01:00:00,3,2,81,14,1,5,10
2024-10-21 03:00:00,5,3,40,20,3,21,10
2024-10-06 17:00:00,4,2,80,10,17,6,10
2024-10-18 07:00:00,5,2,57,11,7,18,10
2024-10-25 19:00:00,0,0,60,7,19,25,10
2024-10-24 05:00:00,5,3,41,13,5,24,10
2024-10-04 14:00:00,5,2,63,20,14,4,10
2024-10-08 00:00:00,1,3,98,11,0,8,10
2024-10-10 04:00:00,3,0,86,6,4,10,10
2024-10-28 07:00:00,5,5,99,1,7,28,10
2024-10-05 03:00:00,0,2,11,17,3,5,10
2024-10-21 17:00:00,2,3,67,6,17,21,10
2024-10-30 06:00:00,1,3,57,9,6,30,10
2024-10-11 00:00:00,0,0,90,20,0,11,10
2024-10-04 09:00:00,1,2,99,15,9,4,10
2024-10-16 06:00:00,0,1,75,8,6,16,10
2024-10-21 09:00:00,4,4,61,3,9,21,10
2024-10-28 04:00:00,1,3,75,16,4,28,10
2024-10-02 03:00:00,3,2,74,3,3,2,10
2024-10-21 11:00:00,1,5,25,18,11,21,10
2024-10-15 03:00:00,5,4,86,14,3,15,10
2024-10-24 13:00:00,4,4,53,0,13,24,10
2024-10-18 10:00:00,4,2,94,11,10,18,10
2024-10-15 05:00:00,1,3,64,11,5,15,10
2024-10-07 13:00:00,5,5,16,8,13,7,10
2024-10-19 08:00:00,0,0,83,18,8,19,10
2024-10-26 07:00:00,5,1,61,20,7,26,10
2024-10-27 15:00:00,2,0,32,22,15,27,10
2024-10-19 23:00:00,1,3,22,4,23,19,10
2024-10-15 05:00:00,5,1,13,15,5,15,10
2024-10-18 11:00:00,0,2,52,8,11,18,10
2024-10-29 04:00:00,3,5,9,20,4,29,10
2024-10-10 19:00:00,2,0,72,19,19,10,10
2024-10-12 23:00:00,1,5,66,10,23,12,10
2024-10-27 13:00:00,0,1,64,9,13,27,10
2024-10-17 09:00:00,5,4,64,15,9,17,10
2024-10-20 05:00:00,4,4,36,12,5,20,10
2024-10-22 18:00:00,1,4,54,0,18,22,10
2024-10-25 07:00:00,5,5,45,15,7,25,10
2024-10-18 07:00:00,1,0,26,20,7,18,10
2024-10-07 15:00:00,4,0,67,23,15,7,10
2024-10-11 16:00:00,4,2,50,6,16,11,10
2024-10-18 12:00:00,0,4,86,20,12,18,10
2024-10-05 19:00:00,4,5,60,5,19,5,10
2024-10-26 06:00:00,5,4,49,17,6,26,10
2024-10-16 16:00:00,0,5,16,23,16,16,10
2024-10-01 04:00:00,4,5,36,21,4,1,10
2024-10-08 08:00:00,0,4,74,1,8,8,10
2024-10-16 03:00:00,1,3,6,2,3,16,10
2024-10-28 17:00:00,1,3,66,6,17,28,10
2024-10-28 16:00:00,2,4,7,1,16,28,10
2024-10-04 11:00:00,1,0,45,12,11,4,10
2024-10-14 21:00:00,5,2,40,8,21,14,10
2024-10-06 11:00:00,0,1,73,5,11,6,10
2024-10-29 17:00:00,2,3,13,1,17,29,10
2024-10-10 02:00:00,1,5,62,0,2,10,10
2024-10-14 14:00:00,1,1,65,16,14,14,10
2024-10-04 10:00:00,3,5,21,1,10,4,10
2024-10-18 03:00:00,2,5,60,3,3,18,10
2024-10-20 01:00:00,4,3,50,0,1,20,10
2024-10-09 03:00:00,3,4,60,0,3,9,10
2024-10-30 19:00:00,3,5,84,5,19,30,10
2024-10-16 19:00:00,4,4,69,17,19,16,10
2024-10-11 21:00:00,4,4,18,9,21,11,10
2024-10-19 00:00:00,5,2,36,0,0,19,10
2024-10-17 04:00:00,5,5,38,21,4,17,10
2024-10-06 03:00:00,0,4,80,12,3,6,10
2024-10-09 03:00:00,4,5,1,14,3,9,10
2024-10-19 08:00:00,3,4,84,15,8,19,10
2024-10-05 10:00:00,5,0,72,14,10,5,10
2024-10-20 22:00:00,5,4,85,15,22,20,10
2024-10-19 11:00:00,2,3,77,15,11,19,10
2024-10-21 09:00:00,4,5,20,1,9,21,10
2024-10-21 23:00:00,5,5,48,3,23,21,10
2024-10-11 18:00:00,1,1,20,14,18,11,10
2024-10-06 02:00:00,4,5,76,13,2,6,10
2024-10-15 16:00:00,2,3,25,0,16,15,10
2024-10-22 11:00:00,2,4,83,0,11,22,10
2024-10-10 01:00:00,1,0,97,2,1,10,10
2024-10-10 15:00:00,2,1,76,20,15,10,10
2024-10-04 18:00:00,2,0,69,11,18,4,10
2024-10-01 07:00:00,1,0,81,17,7,1,10
2024-10-07 07:00:00,3,5,44,13,7,7,10
2024-10-14 03:00:00,4,4,3,22,3,14,10
2024-10-10 12:00:00,1,0,34,9,12,10,10
2024-10-16 03:00:00,3,3,40,20,3,16,10
2024-10-05 11:00:00,2,2,92,4,11,5,10
2024-10-08 21:00:00,4,3,20,8,21,8,10
2024-10-19 15:00:00,0,3,93,6,15,19,10
2024-10-22 01:00:00,4,3,8,16,1,22,10
2024-10-24 15:00:00,3,2,49,7,15,24,10
2024-10-14 21:00:00,5,2,32,10,21,14,10
2024-10-08 17:00:00,0,5,38,21,17,8,10
2024-10-14 09:00:00,2,4,76,16,9,14,10
2024-10-09 17:00:00,2,0,12,17,17,9,10
2024-10-11 04:00:00,4,0,43,6,4,11,10
2024-10-19 11:00:00,1,0,77,20,11,19,10
2024-10-20 19:00:00,4,3,86,19,19,20,10
2024-10-11 11:00:00,2,0,38,11,11,11,10
2024-10-07 20:00:00,2,3,86,0,20,7,10
2024-10-26 06:00:00,4,3,87,16,6,26,10
2024-10-14 02:00:00,3,2,92,21,2,14,10
2024-10-16 08:00:00,2,1,52,22,8,16,10
2024-10-13 08:00:00,2,4,34,11,8,13,10
2024-10-10 15:00:00,2,0,3,15,15,10,10
2024-10-09 20:00:00,3,3,38,5,20,9,10
2024-10-08 18:00:00,1,5,72,11,18,8,10
2024-10-20 17:00:00,4,0,60,15,17,20,10
2024-10-01 21:00:00,4,2,26,9,21,1,10
2024-10-30 00:00:00,1,1,78,20,0,30,10
2024-10-26 13:00:00,1,0,75,13,13,26,10
2024-10-13 01:00:00,2,1,56,21,1,13,10
2024-10-29 04:00:00,5,1,82,14,4,29,10
2024-10-21 12:00:00,1,1,60,16,12,21,10
2024-10-08 13:00:00,3,1,21,14,13,8,10
2024-10-17 17:00:00,2,4,99,9,17,17,10
2024-10-09 18:00:00,5,4,74,13,18,9,10
2024-10-23 10:00:00,2,4,22,9,10,23,10
2024-10-08 05:00:00,2,1,50,18,5,8,10
2024-10-12 16:00:00,4,1,21,8,16,12,10
2024-10-07 23:00:00,2,3,13,21,23,7,10
2024-10-16 05:00:00,4,2,16,15,5,16,10
2024-10-06 02:00:00,1,4,59,21,2,6,10
2024-10-19 11:00:00,3,2,69,12,11,19,10
2024-10-10 21:00:00,3,1,73,17,21,10,10
2024-10-08 01:00:00,0,4,46,2,1,8,10
2024-10-06 06:00:00,4,1,83,15,6,6,10
2024-10-04 01:00:00,3,2,11,14,1,4,10
2024-10-10 18:00:00,5,1,56,15,18,10,10
2024-10-24 23:00:00,1,1,74,11,23,24,10
2024-10-13 14:00:00,3,5,91,15,14,13,10
2024-10-16 20:00:00,0,1,89,6,20,16,10
2024-10-05 01:00:00,1,4,55,8,1,5,10
2024-10-08 01:00:00,5,4,12,7,1,8,10
2024-10-23 12:00:00,3,1,7,0,12,23,10
2024-10-12 18:00:00,5,5,11,11,18,12,10
2024-10-29 03:00:00,0,1,96,12,3,29,10
2024-10-10 01:00:00,5,0,41,20,1,10,10
2024-10-12 11:00:00,5,1,27,5,11,12,10
2024-10-23 23:00:00,0,1,43,21,23,23,10
2024-10-02 13:00:00,3,3,46,20,13,2,10
2024-10-19 11:00:00,0,5,66,4,11,19,10
2024-10-19 15:00:00,5,2,84,21,15,19,10
2024-10-09 04:00:00,5,3,75,19,4,9,10
2024-10-24 08:00:00,0,1,16,7,8,24,10
2024-10-13 00:00:00,0,5,92,1,0,13,10
2024-10-29 06:00:00,2,5,33,1,6,29,10
2024-10-26 10:00:00,2,3,44,14,10,26,10
2024-10-28 14:00:00,0,3,28,20,14,28,10
2024-10-11 20:00:00,1,3,32,7,20,11,10
2024-10-08 01:00:00,5,0,59,11,1,8,10
2024-10-10 13:00:00,1,1,45,12,13,10,10
2024-10-12 18:00:00,2,4,53,4,18,12,10
2024-10-18 00:00:00,0,2,62,22,0,18,10
2024-10-03 10:00:00,0,2,55,10,10,3,10
2024-10-01 07:00:00,0,5,31,23,7,1,10
2024-10-12 17:00:00,4,2,57,22,17,12,10
2024-10-14 07:00:00,2,0,60,2,7,14,10
2024-10-20 23:00:00,4,4,38,7,23,20,10
2024-10-05 14:00:00,0,2,80,3,14,5,10
2024-10-27 12:00:00,3,0,66,20,12,27,10
2024-10-14 04:00:00,0,5,58,18,4,14,10
2024-10-28 01:00:00,3,3,33,6,1,28,10
2024-10-22 05:00:00,0,4,73,18,5,22,10
2024-10-22 04:00:00,1,4,21,14,4,22,10
2024-10-11 13:00:00,5,2,62,2,13,11,10
2024-10-26 21:00:00,4,2,61,18,21,26,10
2024-10-30 21:00:00,4,1,90,21,21,30,10
2024-10-17 04:00:00,1,3,26,13,4,17,10
2024-10-28 00:00:00,4,2,63,15,0,28,10
2024-10-04 03:00:00,3,4,48,12,3,4,10
2024-10-25 11:00:00,1,2,46,18,11,25,10
2024-10-08 12:00:00,5,3,26,9,12,8,10
2024-10-13 01:00:00,3,3,34,22,1,13,10
2024-10-13 19:00:00,3,4,28,0,19,13,10
2024-10-09 06:00:00,2,1,25,9,6,9,10
2024-10-21 08:00:00,4,4,79,4,8,21,10
2024-10-26 23:00:00,1,1,26,22,23,26,10
2024-10-15 10:00:00,1,3,24,9,10,15,10
2024-10-04 16:00:00,0,0,69,15,16,4,10
2024-10-26 04:00:00,3,2,39,11,4,26,10
2024-10-30 00:00:00,2,4,6,14,0,30,10
2024-10-14 14:00:00,0,4,97,23,14,14,10
2024-10-06 03:00:00,1,1,6,18,3,6,10
2024-10-29 10:00:00,5,2,55,22,10,29,10
2024-10-26 08:00:00,1,0,89,9,8,26,10
2024-10-08 08:00:00,1,3,40,3,8,8,10
2024-10-29 18:00:00,1,5,2,2,18,29,10
2024-10-21 18:00:00,1,3,87,13,18,21,10
2024-10-18 15:00:00,5,2,19,2,15,18,10
2024-10-14 04:00:00,3,5,10,23,4,14,10
2024-10-13 20:00:00,0,1,35,17,20,13,10
2024-10-11 11:00:00,4,2,35,4,11,11,10
2024-10-22 11:00:00,3,3,74,12,11,22,10
2024-10-06 03:00:00,3,4,80,16,3,6,10
2024-10-29 20:00:00,4,0,39,4,20,29,10
2024-10-16 19:00:00,3,5,78,3,19,16,10
2024-10-30 17:00:00,3,1,76,6,17,30,10
2024-10-20 21:00:00,3,1,22,19,21,20,10
2024-10-19 17:00:00,4,0,24,13,17,19,10
2024-10-12 11:00:00,0,0,60,21,11,12,10
2024-10-23 17:00:00,3,4,69,13,17,23,10
2024-10-06 13:00:00,1,4,57,12,13,6,10
2024-10-21 15:00:00,0,5,56,7,15,21,10
2024-10-01 22:00:00,3,2,80,19,22,1,10
2024-10-02 23:00:00,5,0,52,15,23,2,10
2024-10-15 11:00:00,5,5,51,19,11,15,10
2024-10-10 16:00:00,4,3,69,5,16,10,10
2024-10-07 23:00:00,4,5,93,12,23,7,10
2024-10-08 06:00:00,0,1,9,20,6,8,10
2024-10-28 22:00:00,1,3,32,23,22,28,10
2024-10-25 22:00:00,1,0,41,4,22,25,10
2024-10-13 11:00:00,2,4,85,3,11,13,10
2024-10-05 16:00:00,5,1,41,0,16,5,10
2024-10-08 14:00:00,5,1,35,20,14,8,10
2024-10-04 01:00:00,1,2,95,12,1,4,10
2024-10-01 19:00:00,5,5,59,7,19,1,10
2024-10-23 10:00:00,4,1,7,21,10,23,10
2024-10-14 09:00:00,1,0,69,12,9,14,10
2024-10-26 19:00:00,0,0,100,7,19,26,10
2024-10-24 16:00:00,5,3,69,9,16,24,10
2024-10-29 20:00:00,4,5,43,10,20,29,10
2024-10-09 04:00:00,5,4,17,5,4,9,10
2024-10-05 17:00:00,3,5,33,0,17,5,10
2024-10-21 04:00:00,4,1,13,11,4,21,10
2024-10-20 15:00:00,1,2,45,2,15,20,10
2024-10-11 11:00:00,0,2,43,3,11,11,10
2024-10-28 16:00:00,3,1,28,22,16,28,10
2024-10-25 23:00:00,3,1,17,17,23,25,10
2024-10-14 01:00:00,4,5,52,14,1,14,10
2024-10-13 16:00:00,1,2,73,13,16,13,10
2024-10-24 05:00:00,1,1,43,4,5,24,10
2024-10-11 19:00:00,3,4,2,6,19,11,10
2024-10-30 10:00:00,1,4,24,16,10,30,10
2024-10-12 14:00:00,3,1,80,14,14,12,10
2024-10-12 10:00:00,5,1,97,6,10,12,10
2024-10-06 23:00:00,0,0,100,22,23,6,10
2024-10-30 22:00:00,3,5,32,6,22,30,10
2024-10-09 12:00:00,2,2,41,5,12,9,10
2024-10-30 07:00:00,5,0,12,18,7,30,10
2024-10-02 02:00:00,3,1,23,20,2,2,10
2024-10-30 23:00:00,2,1,68,5,23,30,10
2024-10-14 20:00:00,4,4,77,4,20,14,10
2024-10-21 20:00:00,5,2,76,15,20,21,10
2024-10-24 04:00:00,5,0,34,1,4,24,10
2024-10-12 13:00:00,5,0,35,10,13,12,10
2024-10-08 11:00:00,2,2,24,21,11,8,10
2024-10-18 13:00:00,3,4,28,12,13,18,10
2024-10-18 00:00:00,2,1,25,6,0,18,10
2024-10-26 21:00:00,3,2,61,4,21,26,10
2024-10-16 17:00:00,0,3,52,22,17,16,10
2024-10-25 03:00:00,0,1,28,10,3,25,10
2024-10-24 08:00:00,4,3,73,15,8,24,10
2024-10-31 00:00:00,4,2,37,16,0,31,10
2024-10-24 09:00:00,2,4,41,16,9,24,10
2024-10-25 12:00:00,3,0,28,6,12,25,10
2024-10-08 01:00:00,0,5,39,8,1,8,10
2024-10-27 08:00:00,1,1,16,18,8,27,10
2024-10-29 12:00:00,0,5,26,14,12,29,10
2024-10-27 08:00:00,1,4,13,19,8,27,10
2024-10-24 19:00:00,3,2,35,23,19,24,10
2024-10-22 19:00:00,0,4,22,6,19,22,10
2024-10-25 04:00:00,3,0,59,12,4,25,10
2024-10-17 12:00:00,1,1,16,23,12,17,10
2024-10-06 07:00:00,2,4,71,3,7,6,10
2024-10-06 16:00:00,0,3,29,13,16,6,10
2024-10-08 14:00:00,5,2,43,23,14,8,10
2024-10-16 14:00:00,3,2,5,11,14,16,10
2024-10-22 07:00:00,3,3,98,5,7,22,10
2024-10-27 17:00:00,5,1,39,8,17,27,10
2024-10-15 22:00:00,3,5,76,22,22,15,10
2024-10-19 05:00:00,2,4,9,6,5,19,10
2024-10-21 21:00:00,0,1,14,6,21,21,10
2024-10-04 09:00:00,5,2,60,18,9,4,10
2024-10-23 03:00:00,3,4,16,5,3,23,10
2024-10-12 23:00:00,5,3,7,8,23,12,10
2024-10-26 12:00:00,0,3,87,23,12,26,10
2024-10-03 23:00:00,5,5,39,12,23,3,10
2024-10-04 22:00:00,4,4,47,12,22,4,10
2024-10-14 19:00:00,1,4,3,4,19,14,10
2024-10-25 23:00:00,2,3,2,1,23,25,10
2024-10-14 07:00:00,1,4,47,2,7,14,10
2024-10-28 15:00:00,2,4,68,20,15,28,10
2024-10-14 05:00:00,0,0,66,13,5,14,10
2024-10-22 13:00:00,5,3,52,5,13,22,10
2024-10-07 22:00:00,2,0,12,15,22,7,10
2024-10-21 09:00:00,1,5,11,11,9,21,10
2024-10-02 22:00:00,2,3,10,19,22,2,10
2024-10-06 02:00:00,4,1,45,4,2,6,10
2024-10-14 05:00:00,5,3,45,7,5,14,10
2024-10-14 23:00:00,1,1,69,22,23,14,10
2024-10-16 23:00:00,5,2,62,10,23,16,10
2024-10-06 12:00:00,0,4,52,4,12,6,10
2024-10-25 18:00:00,3,4,2,22,18,25,10
2024-10-25 22:00:00,0,0,51,17,22,25,10
2024-10-20 03:00:00,4,2,1,18,3,20,10
2024-10-18 14:00:00,1,5,45,10,14,18,10
2024-10-07 06:00:00,0,4,83,8,6,7,10
2024-10-06 05:00:00,2,5,93,15,5,6,10
2024-10-15 04:00:00,3,4,86,6,4,15,10
2024-10-25 07:00:00,4,3,21,5,7,25,10
2024-10-25 12:00:00,5,1,75,20,12,25,10
2024-10-27 01:00:00,5,4,21,19,1,27,10
2024-10-16 23:00:00,3,5,8,2,23,16,10
2024-10-25 12:00:00,2,5,10,17,12,25,10
2024-10-21 00:00:00,0,1,92,3,0,21,10
2024-10-20 23:00:00,4,3,62,10,23,20,10
2024-10-28 11:00:00,2,5,61,20,11,28,10
2024-10-10 00:00:00,1,1,19,2,0,10,10
2024-10-10 17:00:00,3,4,69,2,17,10,10
2024-10-14 10:00:00,3,4,92,23,10,14,10
2024-10-27 16:00:00,4,0,98,12,16,27,10
2024-10-05 18:00:00,1,5,72,5,18,5,10
2024-10-01 02:00:00,4,0,28,14,2,1,10
2024-10-16 22:00:00,2,5,83,7,22,16,10
2024-10-21 13:00:00,4,3,97,18,13,21,10
2024-10-08 02:00:00,4,4,36,16,2,8,10
2024-10-01 16:00:00,4,3,51,10,16,1,10
2024-10-10 04:00:00,4,3,29,17,4,10,10
2024-10-03 15:00:00,5,4,18,21,15,3,10
2024-10-29 16:00:00,4,1,27,11,16,29,10
2024-10-24 08:00:00,5,1,42,1,8,24,10
2024-10-03 06:00:00,1,2,29,13,6,3,10
2024-10-01 19:00:00,5,3,78,17,19,1,10
2024-10-19 00:00:00,5,1,6,16,0,19,10
2024-10-15 16:00:00,1,1,57,12,16,15,10
2024-10-01 16:00:00,4,1,60,20,16,1,10
2024-10-06 06:00:00,5,3,6,9,6,6,10
2024-10-22 14:00:00,5,5,46,11,14,22,10
2024-10-21 17:00:00,1,1,62,12,17,21,10
2024-10-10 02:00:00,2,0,65,9,2,10,10
2024-10-13 11:00:00,3,0,16,14,11,13,10
2024-10-22 22:00:00,0,3,99,18,22,22,10
2024-10-10 00:00:00,5,5,26,12,0,10,10
2024-10-09 13:00:00,4,3,37,15,13,9,10
2024-10-02 19:00:00,4,2,54,3,19,2,10
2024-10-20 13:00:00,2,3,42,15,13,20,10
2024-10-20 04:00:00,5,2,66,9,4,20,10
2024-10-16 19:00:00,1,0,35,7,19,16,10
2024-10-30 04:00:00,5,1,94,2,4,30,10
2024-10-26 02:00:00,5,1,92,15,2,26,10
2024-10-28 09:00:00,2,0,20,13,9,28,10
2024-10-05 12:00:00,5,2,91,10,12,5,10
2024-10-25 11:00:00,3,5,36,0,11,25,10
2024-10-03 18:00:00,4,5,82,22,18,3,10
2024-10-10 01:00:00,2,4,97,10,1,10,10
2024-10-28 20:00:00,0,3,61,19,20,28,10
2024-10-24 11:00:00,4,3,61,23,11,24,10
2024-10-18 19:00:00,2,4,83,2,19,18,10
2024-10-22 13:00:00,2,5,44,12,13,22,10
2024-10-24 20:00:00,2,2,74,0,20,24,10
2024-10-20 10:00:00,2,1,51,15,10,20,10
2024-10-18 07:00:00,0,3,38,9,7,18,10
2024-10-29 23:00:00,0,3,22,16,23,29,10
2024-10-03 07:00:00,1,1,53,9,7,3,10
2024-10-24 01:00:00,3,3,67,22,1,24,10
2024-10-19 05:00:00,2,1,45,19,5,19,10
2024-10-22 17:00:00,0,4,83,7,17,22,10
2024-10-17 09:00:00,5,4,29,4,9,17,10
2024-10-30 22:00:00,5,2,33,8,22,30,10
2024-10-29 21:00:00,3,0,97,2,21,29,10
2024-10-07 07:00:00,2,4,27,8,7,7,10
2024-10-03 22:00:00,5,3,35,15,22,3,10
2024-10-11 18:00:00,4,0,18,21,18,11,10
2024-10-17 17:00:00,2,5,47,2,17,17,10
2024-10-11 06:00:00,1,1,38,21,6,11,10
2024-10-04 08:00:00,2,5,16,14,8,4,10
2024-10-08 01:00:00,2,1,11,11,1,8,10
2024-10-24 00:00:00,3,2,65,7,0,24,10
2024-10-29 00:00:00,3,3,46,18,0,29,10
2024-10-23 22:00:00,0,1,46,12,22,23,10
2024-10-11 01:00:00,1,1,72,1,1,11,10
2024-10-09 05:00:00,1,4,87,16,5,9,10
2024-10-03 23:00:00,0,3,65,14,23,3,10
2024-10-06 20:00:00,0,1,41,8,20,6,10
2024-10-07 11:00:00,5,1,57,3,11,7,10
2024-10-03 21:00:00,1,3,73,21,21,3,10
2024-10-18 13:00:00,5,0,81,7,13,18,10
2024-10-16 13:00:00,0,1,56,6,13,16,10
2024-10-05 01:00:00,3,5,85,13,1,5,10
2024-10-10 00:00:00,2,2,74,13,0,10,10
2024-10-13 13:00:00,1,1,46,21,13,13,10
2024-10-29 21:00:00,2,0,43,1,21,29,10
2024-10-27 14:00:00,2,3,44,1,14,27,10
2024-10-29 10:00:00,1,2,69,15,10,29,10
2024-10-26 04:00:00,4,0,38,5,4,26,10
2024-10-10 22:00:00,2,1,41,17,22,10,10
2024-10-23 19:00:00,3,0,30,3,19,23,10
2024-10-03 12:00:00,0,3,31,14,12,3,10
2024-10-10 11:00:00,2,0,7,10,11,10,10
2024-10-26 07:00:00,4,2,88,8,7,26,10
2024-10-08 11:00:00,1,5,26,6,11,8,10
2024-10-29 07:00:00,4,5,25,17,7,29,10
2024-10-01 06:00:00,2,1,70,6,6,1,10
2024-10-16 16:00:00,0,0,82,2,16,16,10
2024-10-26 11:00:00,2,0,34,3,11,26,10
2024-10-24 01:00:00,5,4,22,16,1,24,10
2024-10-20 16:00:00,4,0,64,20,16,20,10
2024-10-28 02:00:00,1,2,40,21,2,28,10
2024-10-28 02:00:00,3,2,80,21,2,28,10
2024-10-23 20:00:00,5,2,33,8,20,23,10
2024-10-15 21:00:00,4,3,55,9,21,15,10
2024-10-14 03:00:00,0,2,77,4,3,14,10
2024-10-25 10:00:00,3,5,6,5,10,25,10
2024-10-08 16:00:00,1,5,22,21,16,8,10
2024-10-05 14:00:00,1,3,56,3,14,5,10
2024-10-30 02:00:00,2,3,85,8,2,30,10
2024-10-05 10:00:00,0,5,64,20,10,5,10
2024-10-01 22:00:00,3,2,88,4,22,1,10
2024-10-13 00:00:00,1,2,57,10,0,13,10
2024-10-02 11:00:00,0,3,2,14,11,2,10
2024-10-07 10:00:00,4,3,69,7,10,7,10
2024-10-01 10:00:00,4,0,24,5,10,1,10
2024-10-08 12:00:00,2,3,2,4,12,8,10
2024-10-18 19:00:00,1,4,44,3,19,18,10
2024-10-23 00:00:00,1,2,80,18,0,23,10
2024-10-15 22:00:00,3,2,57,4,22,15,10
2024-10-13 11:00:00,3,4,77,11,11,13,10
2024-10-13 20:00:00,0,2,41,9,20,13,10
2024-10-13 11:00:00,3,1,5,10,11,13,10
2024-10-26 08:00:00,4,0,79,14,8,26,10
2024-10-11 14:00:00,2,5,64,21,14,11,10
2024-10-02 23:00:00,0,3,97,14,23,2,10
2024-10-04 06:00:00,3,5,89,14,6,4,10
2024-10-17 05:00:00,2,4,99,7,5,17,10
2024-10-01 00:00:00,0,3,2,21,0,1,10
2024-10-27 04:00:00,5,3,2,18,4,27,10
2024-10-16 02:00:00,0,5,84,16,2,16,10
2024-10-10 16:00:00,3,3,76,10,16,10,10
2024-10-09 01:00:00,4,0,78,15,1,9,10
2024-10-22 01:00:00,5,5,57,17,1,22,10
2024-10-23 22:00:00,3,0,10,6,22,23,10
2024-10-17 10:00:00,5,1,91,14,10,17,10
2024-10-07 14:00:00,1,0,34,19,14,7,10
2024-10-08 02:00:00,0,2,85,11,2,8,10
2024-10-02 04:00:00,4,0,65,22,4,2,10
2024-10-01 05:00:00,5,4,8,10,5,1,10
2024-10-16 18:00:00,3,0,87,5,18,16,10
2024-10-02 20:00:00,2,0,23,17,20,2,10
2024-10-19 22:00:00,3,3,44,14,22,19,10
2024-10-06 08:00:00,3,3,86,11,8,6,10
2024-10-11 23:00:00,5,0,35,7,23,11,10
2024-10-05 12:00:00,4,3,29,11,12,5,10
2024-10-08 06:00:00,4,1,49,6,6,8,10
2024-10-04 18:00:00,2,4,35,3,18,4,10
2024-10-04 08:00:00,4,4,74,19,8,4,10
2024-10-01 21:00:00,1,0,19,18,21,1,10
2024-10-06 14:00:00,3,1,50,16,14,6,10
2024-10-22 20:00:00,4,1,84,2,20,22,10
2024-10-05 17:00:00,4,0,16,4,17,5,10
2024-10-06 12:00:00,4,1,7,1,12,6,10
2024-10-13 08:00:00,5,3,93,7,8,13,10
2024-10-15 23:00:00,3,3,24,3,23,15,10
2024-10-24 11:00:00,2,0,53,9,11,24,10
2024-10-18 09:00:00,1,1,23,17,9,18,10
2024-10-07 22:00:00,4,3,12,12,22,7,10
2024-10-17 01:00:00,3,4,34,10,1,17,10
2024-10-07 01:00:00,3,3,22,20,1,7,10
2024-10-16 14:00:00,3,3,46,22,14,16,10
2024-10-16 02:00:00,5,4,60,12,2,16,10
2024-10-06 04:00:00,0,4,38,16,4,6,10
2024-10-28 16:00:00,4,2,7,8,16,28,10
2024-10-09 16:00:00,0,2,51,2,16,9,10
2024-10-25 17:00:00,5,5,77,5,17,25,10
2024-10-16 12:00:00,5,1,1,12,12,16,10
2024-10-07 03:00:00,5,2,16,1,3,7,10
2024-10-13 08:00:00,1,1,33,21,8,13,10
2024-10-22 00:00:00,4,0,12,0,0,22,10
2024-10-22 01:00:00,1,3,81,19,1,22,10
2024-10-05 19:00:00,1,2,3,16,19,5,10
2024-10-20 11:00:00,4,2,76,8,11,20,10
2024-10-15 14:00:00,1,3,1,15,14,15,10
2024-10-25 11:00:00,2,2,58,15,11,25,10
2024-10-14 00:00:00,3,4,47,13,0,14,10
2024-10-06 06:00:00,1,2,68,11,6,6,10
2024-10-18 16:00:00,4,4,50,10,16,18,10
2024-10-21 03:00:00,5,4,29,22,3,21,10
2024-10-03 16:00:00,5,5,28,16,16,3,10
2024-10-19 10:00:00,0,1,73,13,10,19,10
2024-10-28 14:00:00,0,4,44,2,14,28,10
2024-10-02 18:00:00,2,5,75,12,18,2,10
2024-10-28 22:00:00,5,4,5,17,22,28,10
2024-10-20 16:00:00,2,1,96,3,16,20,10
2024-10-26 23:00:00,1,1,37,7,23,26,10
2024-10-23 10:00:00,0,1,25,5,10,23,10
2024-10-23 16:00:00,0,5,2,0,16,23,10
2024-10-08 23:00:00,2,5,30,9,23,8,10
2024-10-21 21:00:00,1,2,25,20,21,21,10
2024-10-25 22:00:00,3,1,80,4,22,25,10
2024-10-12 21:00:00,3,0,37,9,21,12,10
2024-10-06 20:00:00,2,2,59,1,20,6,10
2024-10-21 15:00:00,1,0,68,14,15,21,10
2024-10-06 13:00:00,1,1,59,17,13,6,10
2024-10-28 13:00:00,5,0,83,2,13,28,10
2024-10-13 01:00:00,0,0,71,17,1,13,10
2024-10-06 21:00:00,5,4,43,11,21,6,10
2024-10-03 06:00:00,1,1,14,0,6,3,10
2024-10-06 12:00:00,1,4,33,11,12,6,10
